Country Name,Indicator Name,1960,1961,1962,1963,1964,1965,1966,1967,1968,1969,1970,1971,1972,1973,1974,1975,1976,1977,1978,1979,1980,1981,1982,1983,1984,1985,1986,1987,1988,1989,1990,1991,1992,1993,1994,1995,1996,1997,1998,1999,2000,2001,2002,2003,2004,2005,2006,2007,2008,2009,2010,2011,2012,2013,2014,2015,2016,2017,2018,2019,2020,2021,2022,2023,2024,2025,2026
Bulgaria,"Agriculture, value added (% of GDP)",18.9977188003,18.4118898871,17.4211213032,16.8909920662,16.0804982628,15.4224193173,14.4551147334,13.9439198334,13.273664493,12.4214774831,11.7613759132,11.2817843882,10.8010792044,11.0722082045,11.6627557017,11.715543261,11.1128571175,10.6835541364,10.6723451893,10.7973957495,14.6108118515,17.0400828258,17.1650375759,14.49470005,15.8379269014,11.9237467059,13.1430564093,11.4174208864,10.9234777334,10.6153453964,17.0267185254,16.9419342278,12.9391341002,11.3005487772,13.343259776,14.6991470876,12.8817758821,22.5891978044,15.4110166111,14.7219555624,12.5795498931,12.0572686852,10.910421296,10.4049227617,9.8344895008,8.51037437028,7.21399410894,5.42867241605,6.95137214403,4.8922987727,4.78226306936,5.2545496887,5.269397728,5.33518415635,5.25900572012,4.78659231645,5.15507396112,5.41643153644,5.719785319,6.05685492709,6.43275114909,6.83523703898,7.2640231362,7.70546318355,8.15011172052,8.59242376787,9.02663182357
Bulgaria,"Industry, value added (% of GDP)",31.1695893279,32.2765175643,34.0137662603,35.3057141881,37.1232174199,38.5886769641,39.8999515341,40.9627857194,41.9774079228,42.9477362609,43.4201080344,44.2410154671,44.9594915288,45.6607802172,46.3301065421,47.2688958848,48.2578461051,49.4702786497,50.5933422019,51.6347185395,54.4902698052,53.2332644346,57.8675097987,60.3831677484,60.0493986458,62.8220499622,65.1171450187,59.4904512601,58.1180921887,57.6199977449,49.1967531918,43.7610526145,43.4929949306,37.1844150309,34.7720047806,28.3653624236,21.3476585814,23.6710481599,24.6075310644,25.1469543226,25.8459779057,26.8967083804,26.6935242343,27.5221062356,26.6561274904,28.2375152902,29.7569712366,30.5311846445,29.472023849,30.4590897253,27.3789284472,29.2902135464,28.8918049382,27.5801639204,27.1386229377,27.8721264626,28.2659377721,28.6179038136,28.8286264283,28.9486965174,29.0364750849,29.1017188464,29.1418516177,29.160858293,29.1626152436,29.1509346191,29.1287822043
Bulgaria,"Services, etc., value added (% of GDP)",50.0922933685,49.8906791744,49.638313922,49.2286926819,48.5933646347,47.6491693977,47.0138525628,46.3457444315,46.3967583716,45.9580164706,46.0908853557,45.3704431203,44.8012000922,43.3776409044,41.8934800642,40.6370058312,39.7338317119,38.6934123614,37.2753773079,35.951076127,30.8989183434,29.7266527396,24.9674526255,25.1221322016,24.1126744528,25.2542033318,21.739798572,29.0921278535,30.9584300779,31.7646568587,33.7765282827,39.2970131577,43.5678709692,51.5150361919,51.8847354434,56.9354904887,65.7705655364,53.7397540357,59.9814523245,60.131090115,61.5744722013,61.0460229344,62.3960544697,62.0729710027,63.5093830088,63.2521103395,63.0290346545,64.0401429395,63.576604007,64.648611502,67.8388084834,65.4552367649,65.8387973338,67.0846519232,67.6023713422,67.3412812209,66.8496931576,66.3388887818,65.88361167,65.429054571,64.9359369643,64.395444498,63.8065925462,63.1812745943,62.5313210849,61.8642606326,61.1873588976
Bulgaria,GDP growth (annual %),5.64062918299,5.65478497734,5.1987757449,5.05402514565,5.23574066647,4.74466319496,5.13752840699,5.65208403663,6.60530034723,7.11043970787,6.60973481403,5.94133071773,5.51706655402,3.9893068159,3.80539921377,3.84756514593,3.37328103165,3.71218688205,3.73104936045,3.99036162887,3.55787005907,4.90016185983,2.33456559219,3.43030591266,3.39644362278,2.68344073997,4.20760200434,6.05451383877,10.9446920642,-3.28988206795,-9.11737709653,-8.44535523808,-7.27238790652,-1.48021482899,1.81801124072,2.86018944149,1.59999996253,-1.0999999122,3.49999983261,-5.6099999765,5.0109494357,4.24802525711,6.01812226432,5.07752224619,6.55556654678,7.23619298203,6.75313391539,7.67535068186,5.64700536554,-4.21972699884,0.0545579234014,1.9150180106,0.0309436075979,0.862092737615,1.32884972234,3.61744263251,3.97561181918,3.48671494754,2.92805035924,2.54505948671,2.33675469618,2.19606895664,2.11837227499,2.10408735865,2.13321559081,2.19269394893,2.27638835318
Bulgaria,"Inflation, GDP deflator (annual %)",5.64085782202,4.83249138514,5.37034160104,6.71372737067,6.29343962783,4.92730896201,4.6006643157,3.98395014775,3.75711806619,3.22609395126,3.21078906861,2.78537823759,2.56972241201,1.79752627318,1.59060911528,1.3146926865,1.45049293347,1.79925229646,1.79215147145,1.9413031364,1.70090370618,2.82093836845,1.91647280412,-0.645271728479,2.73674849553,0.229177129158,1.34548961428,0.0638388001796,-5.38974383644,6.72968413394,26.1880006604,226.537860005,59.5786492836,51.0910538578,72.7049683964,62.3766487011,101.642256834,958.646410137,32.1586348372,2.00910075219,7.19887296163,6.11030300991,3.78848367221,2.26982310932,5.63228689598,6.50343907622,6.74199427677,11.0660998182,8.15613725358,4.04713862707,2.59006804393,5.97852492583,1.55532399363,-0.702844423228,0.452057965887,2.20583991891,1.8301503091,1.45980224993,1.0433206696,0.664286252845,0.43119591027,0.267772565702,0.1539205844,0.0756784349254,0.0243029052664,-0.00826387226675,-0.0284087228709
Bulgaria,Gross capital formation (% of GDP),25.1143713473,26.1834736698,26.8690600896,27.1923379668,27.2519481748,26.8170936111,27.379740138,27.2004007205,28.2364522187,28.7348542594,28.8038920351,29.0639856431,29.1456620929,28.7144542183,28.7648817999,28.6696866819,29.0693368721,29.8100861253,30.5078491048,31.3115756935,33.9963553177,35.4878136458,34.1295281426,32.8899264119,33.20335071,32.1972799759,35.8763413685,32.9038386261,34.4174353438,33.1090572826,25.5887782933,22.597641857,19.8889442231,15.2820341251,9.39117199391,15.6985949956,0.298643897595,8.86890663593,18.4939623475,19.3314224905,19.1978152375,21.395005666,20.5588509154,22.1492188289,23.480615372,27.7626785014,32.149344358,33.3624484375,36.8023481516,28.6235208673,22.5676817537,21.4703315856,21.9420261545,21.3399078058,21.4356595983,21.1897681601,21.6015801876,22.2671121638,22.7864153538,23.2013075015,23.5262732231,23.814615876,24.0525142474,24.260817072,24.4526854458,24.6227606117,24.7780422921
Bulgaria,Gross savings (% of GDP),24.0025227392,24.1479894636,24.1071742817,24.8113144503,25.8998574422,26.5224962641,27.567203215,27.7200009232,28.9194498622,29.7111478961,30.1429265687,30.3696593029,30.5210357528,30.4321345553,30.4273464297,31.0378611902,31.8003194404,32.7754924625,33.7877117953,35.1814202369,37.725563181,36.0615428859,34.9246889325,33.278662132,35.3292770335,31.8493770574,32.1216716342,30.3331663532,32.6771869157,28.825494199,14.6556776073,17.3513927782,12.8367828685,6.2156038809,8.50061643836,15.4176715702,10.9996079986,20.6212673854,25.152712041,15.5637512877,13.5941530218,15.7463038589,18.0084154365,16.8673305983,17.0085967614,16.762252976,15.0001490196,9.6498939445,14.8589067906,19.6716171752,21.5861756964,22.764449866,22.4564405085,24.3932888516,23.4687431419,22.9245254381,25.1027073876,26.7183910199,27.5694357044,28.0703931849,28.3778546622,28.5415342555,28.5998395794,28.6016747915,28.5566170756,28.4720724976,28.3539372984
Bulgaria,Bank capital to assets ratio (%),9.80392796943,9.80375150642,9.74718949637,9.75650140422,9.78927241308,9.75995007689,9.75354067979,9.75447828882,9.73800574328,9.78232318986,9.8354239872,9.8760570889,9.88711646969,9.90459046068,9.88071620737,9.86191636257,9.89908522497,9.93083525668,9.95329352975,10.0152548412,10.0470816562,10.0562836578,10.0666558246,10.0371990781,9.92474961964,9.90469069697,9.89581813975,9.83394823525,9.74560793208,9.67122612295,9.62226119009,9.57800066851,9.68234945856,9.76917156279,9.92282039366,10.2084376397,10.274758512,10.5150231068,10.803142312,11.3400496462,15.3,13.5,13.3,13.1,10.9889908702,7.4,7.3,7.7,11.4018219015,10.8421570316,10.4676943506,10.7646981785,10.0960726887,10.3515203226,11.5668782834,11.5517400409,11.013260789,10.4895152804,10.2520382436,10.0953585834,10.0102500189,9.98899971352,10.0132733601,10.0596290722,10.1182671952,10.1829505492,10.2502225511
Bulgaria,Bank nonperforming loans to total gross loans (%),8.01318781505,8.21336092597,8.07116130758,7.95736201833,7.76829463332,7.61279741146,7.34775174497,7.36341047498,7.44545996055,7.33142512716,7.36834050544,7.34227165485,7.39370975606,7.67305448556,7.59858164714,7.60973813674,7.36137817335,7.22326291305,7.22369562913,7.15592781171,7.22712136873,7.13592151769,7.25717425022,7.38605013824,7.21691166985,7.01366962107,6.98862000662,7.09573732304,7.16550213314,7.13951233959,6.99072305547,6.87267905628,7.03906343598,7.20446469236,7.7526997391,8.43472118937,10.4881640042,24.4,16.4,26.7,17.3,3.4,2.6,3.2,2.0,2.2,2.2,2.1,2.4039065292,6.42293385933,11.9177087634,14.9736139565,16.6263209293,16.8785208328,16.7465294214,20.6037152804,18.7868399033,16.9523871219,15.3113391824,14.0329676449,13.0341928413,12.2604959927,11.6441489479,11.1482546802,10.7432396744,10.4034866431,10.1099527542
Bulgaria,Deposit interest rate (%),6.72324916807,6.67661984229,6.79127651131,6.68113395795,6.59819395251,6.42670120958,6.30440551022,6.35218758199,6.05913504159,5.85054466345,5.87038988263,5.69942977956,5.5577949569,5.26702207802,4.9174824082,4.7462917389,4.6170421303,4.67892307454,4.57328973881,4.44842634163,4.23595319372,4.34280554128,4.46570698221,4.64961798385,4.91338423304,5.36184518306,5.70077269524,6.27101453613,7.15992874733,9.98962516618,16.418123294,39.4916666667,45.01,42.5583333333,51.135,35.9441666667,74.6808333333,46.8283333333,2.99833333333,3.21333333333,3.10166666667,2.91938333333,2.80316666667,2.93229166667,3.04970833333,3.08435,3.17256666667,3.68195,4.44464166667,6.1775,4.076075,3.36826666667,3.08416666667,2.41330833333,1.65581666667,0.613891666667,0.626252409983,0.647194617758,0.681752930705,0.71008006439,0.734793854047,0.753719698686,0.768372748956,0.779686785827,0.787761106754,0.793191567497,0.796557912122
Bulgaria,Real interest rate (%),5.6295805855,5.23302585812,4.51452441839,3.71064906436,3.54775143898,3.84863959516,4.06234853722,4.40573242036,4.56414527075,4.86968916169,5.07653841409,5.17430602675,5.38474414111,5.40175705394,5.60191956269,5.53581477642,5.41590261234,5.13285978022,4.88658712984,4.79513332952,4.97230101501,5.21806030213,5.42350065887,5.74753799551,5.86789348652,6.21264237145,6.53143387913,7.04524841381,7.52934063084,6.97754190816,4.92666510006,-53.2854066812,9.06847550184,17.0524851192,17.2611748697,10.4601563308,93.9374494914,-70.4322034563,-13.6769609186,11.2630384574,3.86618838165,4.71251472752,5.22154077477,6.13430566966,3.06633340922,2.02579773557,2.01469977941,-0.961889499379,2.50127992282,7.00438423305,8.33833019691,4.38856212686,8.03393068807,9.82205317622,7.78944589013,5.16508490964,5.3283097977,5.62702254028,6.12042590654,6.6193248368,6.96375750053,7.22531161116,7.42312192855,7.56921165479,7.67833464148,7.76206723148,7.8277608382
Bulgaria,"Risk premium on lending (lending rate minus treasury bill rate, %)",6.12779652744,6.0933418995,6.0045303534,5.83697964324,5.79311285358,5.75797644117,5.67567518918,5.81734304848,5.81327999713,5.77307292104,5.7949076883,5.77949787736,5.84070551578,5.86959887936,5.86644221527,5.81848601256,5.8735526761,5.85001121648,5.86326023825,5.89768094462,5.94706379289,5.99139881103,5.98185580934,6.01458675825,6.04013237053,6.07996253855,6.07136153168,6.12858279211,6.35379704327,7.18835940714,8.41731190438,10.854762805,25.945,31.4091666667,44.7925416667,31.0898333333,176.746516667,134.667583333,8.05918333333,8.068425,7.12921666667,6.5366,4.91784166667,5.73503333333,6.22715833333,6.42931666667,6.315825,6.20874166667,6.801425,6.67,8.58436666667,9.37945833333,5.48081985044,8.65031666667,7.06238333333,6.31659712334,6.31659712544,6.31659712544,6.31659712544,6.31659712544,6.31659712544,6.31659712544,6.31659712544,6.31659712544,6.31659712544,6.31659712544,6.31659712544
Bulgaria,"Unemployment, total (% of total labor force) (modeled ILO estimate)",8.24711116885,7.94434525871,7.80437541189,7.73325751484,7.56069712944,7.56296043339,7.40337496662,7.20191774565,7.04246378829,6.96608911232,6.70514517795,6.52748830385,6.39567110024,6.41432532135,6.3141844433,6.29072263502,6.40272690617,6.39755016848,6.39105276988,6.257626072,6.16093557853,6.1413745044,6.07227116371,6.13484816487,6.20168254457,6.71863827428,6.92378735095,7.33047004672,8.0756997976,9.5098030064,10.8927077607,18.3999996185,13.8000001907,21.3999996185,20.0,15.6999998093,13.5,13.6999998093,12.1999998093,14.1000003815,16.2000007629,19.8999996185,18.1000003815,13.6999998093,12.0,10.1000003815,8.89999961853,6.90000009537,5.59999990463,6.80000019073,10.1999998093,11.3000001907,12.3000001907,12.8999996185,11.6000003815,9.81567347843,7.16130891488,6.07372954705,5.89927611798,5.98589580313,6.17413248625,6.39343366464,6.58620949879,6.73717462773,6.846697278,6.92520641059,6.98139510851
Bulgaria,"Interest rate spread (lending rate minus deposit rate, %)",5.93138797294,5.81362424273,5.7680993877,5.65110162887,5.56016425547,5.38616202107,5.25858766471,5.45041566212,5.45855945102,5.3855385401,5.48549921934,5.45349653956,5.61232963556,5.71382230208,5.69008634292,5.61899224545,5.6861600386,5.70914448343,5.49894574615,5.40059685077,5.37006383963,5.4024097227,5.21972319199,5.13088508727,5.1454052956,5.26908931052,5.4215585864,5.84027193105,6.07076258448,7.14084874209,9.02477384605,13.0491666667,29.04,34.2975,51.380875,43.4173333333,216.379016667,166.190083333,11.0850166667,10.2850916667,8.24171666667,8.19138333333,6.404675,5.611075,5.82161666667,5.57663333333,5.71995833333,6.31581666667,6.41678333333,5.1575,7.06829166667,7.26119166667,6.63004166667,6.63686666667,6.6209,6.87096666667,6.71723846385,6.59442917617,6.52984307854,6.44654191893,6.36185902035,6.27156894549,6.16321910091,6.03948234547,5.90495707976,5.76293871588,5.61593358917
Cyprus,"Agriculture, value added (% of GDP)",28.2772719982,31.1165626741,33.5701289067,34.7398627259,35.6711723073,36.4823742014,36.6933238451,36.6205449616,35.9934933652,34.9292779817,34.1306318204,32.9311293636,31.1905172718,28.1590219389,24.6234721987,15.7198437022,15.9029591483,13.2120032209,10.918070188,10.2413469963,9.58831675185,9.25799218018,9.26919497728,7.90006133355,8.94272314588,7.48886964563,7.32712655551,7.43175017079,7.17470720246,6.9298604258,6.85917678236,6.19134855755,5.72367756161,5.61272712075,5.06752181728,5.23332131266,4.99198407872,4.25057657867,4.66694901296,4.20909410112,4.00316921795,4.26216095366,4.20317005528,3.77943378548,3.50516640977,3.13487019856,2.61337324222,2.34448059218,2.42378095209,2.261944639,2.38890784381,2.46261842255,2.23335553561,2.26481376888,2.08249510039,2.27438195442,2.48323160242,2.71261282937,2.92540977425,3.10890245374,3.25625236164,3.43125299138,3.66715974526,3.94180627487,4.24204745163,4.56707821332,4.91651231098
Cyprus,"Industry, value added (% of GDP)",25.7420023078,24.0677482838,23.0744280923,23.2951919048,22.3017186726,22.0473496884,22.3392760948,22.3544918292,22.8521065516,23.2962498578,23.6660618711,24.3467405721,25.2002323346,26.0777458576,26.8625367951,25.1750925621,28.8409681298,30.9855745389,33.1293174792,33.2168918736,33.6446095942,32.4086717027,30.8615457218,30.087095488,29.0264697537,28.4914327367,27.5907312693,27.4969101498,27.5013762399,26.5762759915,25.9263603613,26.7394483448,25.5599600379,24.6801238164,23.2256832858,21.9790840245,21.9636243021,21.308285983,20.7124538246,19.9613764045,19.4104441984,19.2006545461,19.8954947013,20.3026349204,20.5367846745,20.4782598769,20.4714237307,21.0812270327,20.7236621692,18.1461067633,16.7111780416,14.3065860062,12.8383191915,11.2663468163,10.7200799512,10.5562249125,10.9098782241,11.4405837569,11.9585610024,12.4039235656,12.7305575869,12.9151344498,13.0001374318,13.0278782986,13.0138067564,12.9679994927,12.8994449308
Cyprus,"Services, etc., value added (% of GDP)",49.4649166259,47.8542284883,45.7121972742,44.1074132381,42.081215675,41.5789673846,40.9876068307,41.2513452539,41.7479172273,42.345349549,43.0396673959,43.3780738754,43.4637100289,45.2567219605,47.9363798964,59.1050637357,55.2560727219,55.8024084073,55.9526123327,56.5417611301,56.767065956,58.333329436,59.8692535903,62.0128431785,62.0308071004,64.0197015663,65.0821421752,65.0713396794,65.3239165577,66.4938635827,67.2144628564,67.0692030976,68.7163624005,69.7071490629,71.7067965001,72.7875946628,73.0443916192,74.4411374383,74.6205971624,75.8295294944,76.5863865836,76.5371845002,75.9013352434,75.9179312942,75.9580489157,76.3868699246,76.9152030271,76.5742923752,76.8525568788,79.5919485977,80.8999141146,83.2307955713,84.9283252729,86.4688394148,87.1974249484,87.169393133,87.1027674635,87.12632549,87.193505682,87.2927015638,87.4047481833,87.5330398869,87.6603494531,87.7746722424,87.8654668674,87.9132432089,87.9080139906
Cyprus,GDP growth (annual %),2.83508378814,2.19487114568,2.0941873366,1.63497859736,2.69165826852,3.32917677982,3.37948768179,3.8939714387,4.17805543557,4.20569973524,4.8582743636,5.13376189523,5.77149317452,7.05105797049,7.97115550474,9.16812113102,20.2662921881,16.3620009517,7.77740335905,9.90556938358,5.7532447014,2.51699844067,6.02170898484,5.5821817022,8.75789438429,4.88254077196,3.70395028953,7.06525081211,8.64677784552,7.94742553105,7.40399950604,0.739501447868,9.39999883171,0.700000291955,5.89999877416,8.46818850797,1.3330134357,2.56560815994,5.23555374984,4.82854836445,5.72440173766,3.60066503048,3.39910437268,2.47586951059,4.57030348488,3.72431772568,4.5101833197,4.82071054105,3.86396605828,-1.77245075065,1.31777780422,0.321196000023,-3.15777767372,-5.95274791028,-1.53145163363,1.6792737288,4.08208831533,5.53850175244,6.45295822804,6.86896151828,6.8753430366,6.65583666601,6.21349547811,5.58984906248,4.95215436019,4.4143213734,4.01476326384
Cyprus,"Inflation, GDP deflator (annual %)",2.47848450071,0.943525855753,0.658258979306,0.854640834223,0.335046087599,0.49022728473,0.503081586974,0.672261549028,0.722363863344,0.876794504463,0.930912201494,0.989367405083,1.0353719473,1.60505517115,2.28038316516,1.75341732948,8.02874440666,8.89688573568,11.0730442649,13.1367049782,14.1533434532,12.3888523087,10.3526003699,5.04460410447,8.18191973305,5.66770862852,4.15066893913,3.861848708,3.19369265752,4.75174392575,5.43312495115,3.88800590755,6.04138245532,4.80313319154,5.27098226998,12.2719771405,2.50271574477,3.97623032874,3.36283588099,2.55530591311,3.86087897778,3.65716629038,0.714372039859,3.95117422309,3.55312009861,4.02717475798,3.47577329058,3.18614894713,4.02441787894,0.0234182853403,2.0081040771,1.90899973518,1.87860372287,-1.03767047955,-1.53204803074,-1.26077499866,-0.22397363641,0.274261462728,0.851211478995,1.47683152233,1.94540611419,2.12934783704,2.01211241897,1.68591156084,1.30998524335,0.994810271339,0.765153310553
Cyprus,Gross capital formation (% of GDP),18.0602045098,16.4222126624,16.0406771308,15.9232523155,15.0572287852,15.0974676519,15.3301119623,16.2947919574,17.7471625634,19.526315697,20.7463008978,22.118390211,23.1177740609,24.4117204034,26.3264782443,22.5291760208,26.5648323757,34.8853722037,37.2161940988,38.7265802119,37.8140189709,33.8127814084,31.7201665013,30.1134871337,33.5950319894,30.3400346189,25.9229188754,25.5308414289,27.4562850124,30.8919291059,27.0454275174,25.8421500254,28.6989594161,24.0877025598,25.5156537749,26.9822672161,24.6451204056,24.4515224264,19.3706637531,20.175616895,20.8061455875,19.0167975248,21.8439129355,20.3637521948,22.2228599717,22.5251343157,24.7045585902,24.496049116,29.1744712196,23.0995796182,23.7778180782,18.7627653805,16.0872245338,13.1508648762,12.3211175245,14.4660150137,14.4517202891,14.6938959471,15.2723538554,16.0736177141,16.9401737241,17.7741305391,18.5199986348,19.173137114,19.7577312405,20.2919349697,20.799766339
Cyprus,Gross savings (% of GDP),20.4687278723,19.5367714542,19.6850063675,19.9127015984,20.5171547236,20.883296928,20.8459290914,20.8549900151,20.8428082185,21.4549606463,21.7821271954,21.7330433982,22.1738564787,22.8105368009,22.4825021972,21.6025473097,22.62140347,24.8483696278,23.1374100479,24.6090646321,23.6609384844,23.9190291975,21.8815435917,19.0089031272,22.4216085924,21.4776297279,26.0279856025,26.8080497382,26.2377617239,26.5670654233,25.3306590929,19.3966694921,20.4719552464,26.8129204265,27.7956441451,24.2405028985,22.3227040335,20.4516036192,27.8446616244,20.4795190257,19.6508844765,19.1341717453,20.5668784667,20.2073629109,19.9808485469,19.2139539286,19.0327661475,18.0943915571,14.0765637107,15.3761682832,12.4905410822,14.7056661801,10.0800195106,8.22683450267,7.95289509975,11.5516657339,15.8253750897,20.0220305648,23.6283866235,26.4888247204,28.6099090519,29.9925691454,30.688244935,30.8722100377,30.7147008802,30.3385265966,29.8498742232
Cyprus,Bank capital to assets ratio (%),9.93403145712,9.98763591626,9.92291717352,9.8985973506,9.83325735045,9.8014920092,9.78675122833,9.72103860141,9.70004755315,9.68119584754,9.67331238765,9.6508400225,9.54941801297,9.5181468269,9.46075074099,9.46908706958,9.60278254944,9.70681718687,9.83483303347,9.91256326839,9.95861584047,9.94669949718,9.95211414825,9.95281280598,9.93716120415,9.93466080617,9.94670215563,9.84641975196,9.83247349814,9.91649117382,9.94928562152,9.92020260812,9.8582213396,9.68162669227,9.54705256366,9.49704423724,9.36562821884,9.26312122149,8.97320588912,9.01013127059,8.8906685006,8.84556678517,8.70040165472,8.50607210316,8.16724009115,8.02095680904,7.80157425719,7.48260725549,6.9,4.90707748945,6.11812852654,5.295256577,5.61705919278,6.4146210497,10.3059837937,10.1140342115,10.0005961668,9.44623152125,8.75124622273,7.99141607197,7.23668140622,6.56804041992,6.05359832642,5.73463201597,5.61603508066,5.65522595903,5.7996135867
Cyprus,Bank nonperforming loans to total gross loans (%),7.84881854674,8.05757199248,8.15111430273,8.09736846232,8.02003445953,7.80922335983,7.84644731324,7.76850904712,7.69470503646,7.70374054295,7.56179278168,7.67540026429,7.57431924028,7.56935061242,7.57578194204,7.42835374251,7.19971888203,7.15201547253,7.23597755707,7.05895064709,7.29428645564,7.43277066129,7.55751912501,7.47899218019,7.33113557061,7.380815106,7.51445396875,7.33086563816,7.02203815832,6.91634394541,6.96882979652,7.08623223714,6.59522073384,6.41268941431,6.07216959164,5.99288928415,6.20245060868,6.1060331931,5.83801195868,5.74642448681,5.73664283067,5.57991099842,5.41642297531,5.40088034906,5.20693900626,5.39547771576,5.39925897858,5.52869971859,3.59414927682,4.50936302926,5.82172259923,9.98623419965,18.3749456235,38.5570399027,44.9720727588,47.7478457713,47.0721032157,44.7633052593,40.2230612509,34.2730627482,28.3437019299,23.1890353588,18.9734783794,15.6520159382,13.107148937,11.171700935,9.65518717926
Cyprus,Deposit interest rate (%),6.55050983985,6.44598316187,6.38916770975,6.33975834446,6.12370722969,6.2365133383,6.25433610499,6.2889516896,6.39516899919,6.40860631532,6.35747050912,5.0,5.0,5.0,5.0,5.0625,5.75,5.75,5.75,5.75,5.75,5.75,5.75,5.75,5.75,5.75,5.75,5.75,5.75,5.75,5.75,5.75,5.75,5.75,5.75,5.75,7.0,6.58333333333,6.5,6.5,6.5,5.6775,4.58333333333,3.5725,3.75,3.80666666667,3.35583333333,3.43916666667,4.50449612223,4.57518860366,4.4008478444,4.26515810286,4.23321230159,4.22765749239,4.39231832935,4.77614015307,4.87304206214,4.98870555969,5.14373795173,5.35799133115,5.63040518674,5.96596802992,6.37840373992,6.86771885208,7.4079671084,7.95645175211,8.48705393689
Cyprus,Real interest rate (%),7.14641427715,7.34483488944,7.33400200828,7.03295411434,7.50729844896,7.20087785278,7.43961625073,7.33765690629,7.42670687631,7.25821797378,7.08016048439,6.80863437957,6.88579780751,6.53469808362,6.67553313027,6.82143867731,0.899071444987,0.0946898192915,-1.86637926295,-3.65637745858,-4.51440430676,-3.01529221007,-1.22570774536,3.76544414561,0.756207940267,3.153556952,4.65607288965,4.94710170858,5.62661069001,4.0555468721,3.38306869924,4.92067784706,2.79005938642,4.00452417848,3.38398197351,-3.35967819986,5.8508540107,3.95004030403,4.48629730356,5.30903207632,3.98525514414,3.72654766464,6.39080715404,2.88243571976,3.88227146694,2.94665816807,3.11028685627,3.44492397718,4.38538806338,4.26954216757,4.05400514792,3.91972852891,4.09097341823,4.12540390172,4.06603757532,3.85232449339,4.66802634855,4.87178427016,4.63988705125,4.08292201092,3.54674179301,3.34128561005,3.6357189444,4.39339502105,5.364890005,6.29336631914,7.05269544135
Cyprus,"Risk premium on lending (lending rate minus treasury bill rate, %)",5.99652698791,5.99706194007,6.00521167163,5.96020302097,5.90497634099,5.90136582219,5.91678829378,5.92328944794,5.9122873739,5.86935840285,5.86412278048,5.84973330748,5.86056850199,5.87628324108,5.89773013355,3.5,3.5,3.5,3.5,3.5,3.5,3.5,3.5,3.5,3.5,3.5,3.5,3.5,3.5,3.04166666667,3.0,3.0,3.0,3.0,2.83333333333,2.5,2.45,2.70166666667,2.495,2.46083333333,1.98,1.725,3.11083333333,3.4375,3.13083333333,2.755,4.13083333337,3.15083333333,4.45869724547,4.88937764397,4.96750697598,5.11805407999,5.38938574955,5.44010093039,5.56024921082,5.76023420456,5.76174016416,5.76002980739,5.7573566432,5.7573566432,5.7573566432,5.7573566432,5.7573566432,5.7573566432,5.7573566432,5.7573566432,5.7573566432
Cyprus,"Unemployment, total (% of total labor force) (modeled ILO estimate)",7.74139467392,7.95066776755,8.26227974771,8.42443822242,8.21943076428,7.98743027379,8.04901919987,7.95632206625,7.87508754293,7.87491852919,7.87109505776,8.01959911358,8.08444700522,7.99242558783,7.85308936803,7.85652450192,7.88248489104,7.80795572739,7.79077523074,7.82788912061,7.87921432401,7.8985785398,7.97509751722,8.1589975708,8.18340895813,8.24105091728,8.01462619102,7.90876746126,7.85639433108,7.76658269178,7.77327785315,8.30000019073,2.09999990463,8.30000019073,3.5,3.90000009537,4.30000019073,3.29999995232,4.90000009537,5.69999980927,5.0,4.0,3.29999995232,4.09999990463,4.30000019073,5.30000019073,4.5,3.90000009537,3.59999990463,5.40000009537,6.30000019073,7.90000009537,11.8000001907,15.8000001907,15.6000003815,10.4120184018,4.71424787209,0.380205288086,-2.60337139711,-3.91463271736,-4.07883799919,-3.69074833933,-2.90589391901,-1.83427680889,-0.586753655576,0.759858732654,2.14527282792
Cyprus,"Interest rate spread (lending rate minus deposit rate, %)",5.77398574342,5.85477522638,5.89158298577,5.90339493063,5.60387737672,5.45383782439,5.49624212984,5.53309614794,5.27436509133,5.00967971244,4.5399861858,1.0,1.0,1.0,3.7346560544,3.9375,3.25,3.25,3.25,3.25,3.25,3.25,3.25,3.25,3.25,3.25,3.25,3.25,3.25,3.25,3.25,3.25,3.25,3.25,3.08333333333,2.75,1.5,1.5,1.5,1.5,1.5,1.8425,2.5675,3.375,3.82333333333,3.28583333333,3.33833333333,3.30166666667,4.79476885293,4.96090732332,5.02126856094,5.07715926518,5.20728703556,5.4471398234,5.60764961715,5.69332238096,5.73185212854,5.73479893426,5.7585181438,5.81332142201,5.87907659767,5.96115002805,6.05957961094,6.16679010299,6.25588589309,6.30078870464,6.28933875579
Albania,"Agriculture, value added (% of GDP)",18.8508085598,18.595301456,17.8342193887,17.3220363016,16.7748314509,15.8561087925,15.0266522558,14.5619527065,14.4049832818,14.2104917166,14.007247362,14.4365262953,14.8289727837,15.0909211611,15.5885471515,16.1362783238,16.6296066902,17.5850099504,19.3381356344,21.3505473267,33.600206163,32.400298839,31.6997104691,34.1000974785,33.0999410472,34.600012088,34.0000003795,33.2000247238,31.4998818203,32.3001976998,35.9007899108,39.295295159,51.6418702727,54.6409764928,53.6209806103,55.8121447108,37.4796047456,32.7001599192,30.4752181661,27.1177320806,26.4904623102,24.4530545716,24.2359328702,24.3326986064,22.9325210851,21.2343279029,20.2223444446,19.8747975889,19.4205347268,19.4097808204,20.6581888515,20.9581241497,21.6606803268,22.5030899684,22.9201994697,22.1319325488,22.1722961099,22.2611109829,22.3389722605,22.3558159263,22.354863194,22.3605146857,22.3645307251,22.35635075,22.3373601007,22.3110795677,22.2769594019
Albania,"Industry, value added (% of GDP)",30.1782527401,30.0290296276,30.0946874688,29.8657803214,29.4442130015,29.6763584873,29.9901477512,30.4150189478,30.6614358558,31.4762534096,32.1617448881,32.9109958383,33.853530106,34.9641249718,36.3322347467,37.8105378331,38.8785724092,40.6040322098,42.6454962468,44.2657780202,44.9999990024,43.0000618615,43.8001704545,43.3000498081,43.9999991278,43.3001261531,44.2001147545,45.8001516629,46.2999753057,44.8000634056,48.2007978624,42.696905804,23.320558812,22.9017068225,21.730684051,22.4979416661,15.3438454864,15.3776513671,13.1098452792,13.9747463425,16.7053720353,18.3148755223,19.5960719229,23.1832979802,24.5815827025,25.2165109948,26.4052331435,25.3343548857,29.0216756978,28.2155946939,28.6905465782,28.1535016063,26.4525977975,26.3683308734,24.6475969868,25.4246015686,25.4791835215,25.5033499646,25.6262501853,25.7749473478,25.8992257327,26.0183249977,26.1379881262,26.255020145,26.3656717037,26.468148381,26.5631369822
Albania,"Services, etc., value added (% of GDP)",51.5933692873,51.5351554015,52.268246271,52.947631911,54.0002531399,55.3775668567,55.9369509078,56.8852455764,57.4426285556,57.4748888528,57.4001003536,56.4611822887,55.1077427377,53.2825436222,51.466853357,48.7656988777,46.2101395896,42.8175127266,39.3916913775,36.8588044659,21.3997948346,24.5996392994,24.5001190764,22.5998527135,22.900059825,22.0998617589,21.799884866,20.9998236133,22.2001428739,22.8997388946,15.8984122268,18.007799037,25.0375709153,22.4573166847,24.6483353388,21.6899136232,47.176549768,51.9221887137,56.4149365547,58.907521577,56.8041656546,57.2320699061,56.1679952069,52.4840034134,52.4858962124,53.5491611023,53.3724224119,54.7908475134,51.5577895646,52.3746244857,50.6512645796,50.888374244,51.8867218757,51.1285791582,52.4321702631,52.4434658826,52.5058459994,52.600852866,52.6915856927,52.8387332532,53.0041036523,53.1317775799,53.2053655136,53.233012185,53.2204109219,53.1689951143,53.0843622818
Albania,GDP growth (annual %),4.9564298436,4.93252525733,5.04018452024,5.48381142792,5.47603243176,5.38436229364,5.32337046506,4.9943276997,4.72342451557,4.33671835587,3.81582088038,3.12208135403,2.63927599547,2.55381522134,3.25015867772,4.47868407407,5.09371219068,5.78872306445,6.80822731175,5.99170442884,4.85770419084,5.7456352661,2.94859680233,1.104938266,-1.25159664394,1.78064395792,5.6372431956,-0.787842648708,-1.42003967817,9.8365489926,-9.57564018742,-29.5889976818,-7.19999998651,9.60000001193,8.29999999673,13.2999999863,9.1,-10.8378557344,9.00885253954,13.5011733756,6.66662051467,7.94033142118,4.23137101197,5.77349056968,5.70955658121,5.72081995257,5.43101273398,5.90000000867,7.52999998948,3.35000000887,3.7099999938,2.55000000544,1.41999999815,1.10999999257,1.79999999809,2.80000000054,2.47920958763,2.43554933323,2.54480024168,2.60486144381,2.73114337017,2.90405414757,3.04855040651,3.15437109921,3.24132693557,3.32503846762,3.40625216804
Albania,"Inflation, GDP deflator (annual %)",3.87776398693,2.40926924995,1.72143235613,1.47061804598,1.38039540615,1.39594005454,1.82670880887,1.79316501632,1.80598116333,1.96050189324,1.80305596623,1.35790491634,1.58032737064,2.07854775196,2.55642503379,2.05307712203,2.29518211943,2.1985864139,1.60041238713,1.56862495271,1.07016610217,-2.17736047336,-0.017694288114,-0.0167472951321,-0.0283540478025,0.351197545148,-2.3780011324,2.86176310027e-05,1.37766811292e-06,-1.88781119426e-06,-0.468707364195,38.5683420713,249.683437478,114.835647696,38.4164948024,5.57330746067,41.2755945031,12.0887058981,8.43236783768,1.53333078005,3.98128802587,3.32885109049,2.4105897279,5.37972440765,2.35708418542,2.62101763279,2.69604925742,3.57619479892,3.85766181959,2.42263422495,4.48998143416,2.31020106673,1.03996061572,0.218876859273,1.42233738463,0.159535419404,0.535908642,0.737004719052,0.758537474759,0.747602044829,0.72051068015,0.677370803441,0.62885888094,0.586645806059,0.553987675777,0.529795489729,0.511357075279
Albania,Gross capital formation (% of GDP),23.7424870347,23.7972584083,24.9685787484,25.8600010979,26.1091410966,27.0331930246,28.3103821466,27.8294373876,27.2381824136,25.7808067999,25.0644185917,24.3080038124,24.7501834006,24.7432448182,24.2993701824,24.5905163346,24.9734684647,26.679288994,28.1262526488,30.4224044707,34.547561041,35.1210118529,37.917069028,36.0739058133,31.7807393593,32.7521789184,30.9085685399,28.4182479995,28.9040433913,31.7220712581,29.3053297324,7.33875897352,5.19999220018,13.1999996493,17.8999995516,20.9999999782,21.1543336696,20.4910001629,21.0235564903,22.9863933393,31.7342530944,38.3599691611,37.9022212821,40.4728620429,37.1997954768,36.9851829766,38.9796664255,38.6555320484,35.7784282075,34.5577932562,30.3086797246,31.4135800027,28.3285496917,28.3586185069,24.5909412322,27.4202212766,26.2237301196,25.4571779432,24.9822665012,24.7697088298,24.6325603803,24.5489687005,24.540898656,24.6073726139,24.7266256662,24.884422893,25.0737008972
Albania,Gross savings (% of GDP),22.9463753496,23.0717033194,23.4588507964,23.7754308475,23.2699972765,22.7633304108,22.6249436522,22.2910089015,22.5461061365,22.3333121882,22.845525672,23.1298770754,23.7529178066,24.4312093031,25.4160359524,26.0830477868,27.0105173687,28.6939597268,29.3372933534,29.4856873734,28.9413472831,27.88137039,26.6286795381,25.4882822379,30.3205697709,30.89911536,30.7653839519,28.6605258754,26.4069820085,29.3935015759,21.6017668757,-7.0943057869,-2.06205051356,10.5619701359,7.77652975223,20.4523021353,19.3429319349,9.3670976362,18.6795230103,18.3559264746,29.1600542675,34.967963921,29.7138900051,33.115734363,32.3330793813,30.1988984955,32.4241581525,28.1059351791,20.1446030767,19.6691183079,18.9774707067,18.1979713131,18.1304485771,17.6147272361,11.6572553508,15.7313452153,16.8971718667,18.1546015313,19.5839033244,20.8726695672,21.780802354,22.4265478591,22.9049577228,23.2631047475,23.5152090213,23.6680296926,23.7361299434
Albania,Bank capital to assets ratio (%),9.8730137716,9.8925693031,9.86406771189,9.84627667298,9.75610908752,9.73263587229,9.72701010797,9.75805963368,9.79464972208,9.83972542267,9.89063101532,9.82359062293,9.80872496037,9.81111743316,9.87197730409,9.94318990098,9.95167748638,10.0025739134,10.0554862966,10.0476598912,10.0634389767,10.0812665681,10.111132312,10.050799956,10.0321448132,10.0215757249,9.95210525725,9.87622117864,9.87460446978,9.76971709316,9.61209129459,9.58428052962,9.6397211411,9.68852694111,9.77772153289,9.85451163073,9.85994254162,9.86895911949,9.84998892122,9.85479156649,9.8137993507,9.82954050566,9.79983653774,4.7,9.29430807272,6.6,6.8,7.6,8.6,9.6,9.4,8.7,8.6,9.3,9.0,9.7,9.30056768411,9.22370291942,9.14502821369,9.10343262718,9.16821542261,9.27770564857,9.38457250282,9.4887731449,9.59741126554,9.71095913079,9.82772244724
Albania,Bank nonperforming loans to total gross loans (%),8.09462530039,8.16187662433,7.90399375394,7.75329505294,7.79917959379,7.80846051121,7.78275820591,7.97940135059,7.77275428163,7.7813354005,7.82070911803,7.90666192764,7.94665564232,7.82958337554,7.65980201332,7.68105710237,7.58822685606,7.57362017853,7.37853283598,7.38269078945,7.51756969774,7.56845378329,7.43003964193,7.70373453133,7.79761045188,7.70701257494,7.31414982205,7.33772718875,7.1671566415,7.09381044902,7.12502827697,7.13726091623,7.62010285121,8.0877068409,8.62662636755,8.73421288199,8.86726987095,9.3889129774,9.15773187486,8.88044706273,8.93578918414,8.1565967643,7.9176478147,4.6,4.2,2.3,3.1,3.4,6.6,10.5,14.0,18.8,22.5,23.5,22.8,18.2,16.59706603,15.4588726502,14.5671002994,13.6574101569,12.727645298,11.8844615269,11.1574959559,10.5208963918,9.94715152028,9.42526375756,8.9526295442
Albania,Deposit interest rate (%),7.26913168136,7.14537944893,7.18796252948,7.10361896188,6.87287372792,6.82150526205,6.56125703224,6.47191847089,6.25303398885,6.12122133668,6.10403848343,6.08499379675,6.01410558875,6.12583472794,6.2464797478,6.18634349633,6.29212305152,6.20317939812,6.07011145707,6.16574763025,6.16238269908,6.02019878797,6.06233255751,5.98142412711,5.87784892572,5.86425584924,5.98068226619,6.07367568629,6.29242558949,6.457510984,6.98429964377,8.51810920732,18.5,27.3333333333,19.8333333333,15.3,16.7833333333,27.2758333333,22.56,12.9458333333,8.3025,7.725,8.53833333333,8.37549739428,6.60669485084,5.08755087231,5.22742521888,5.65909853979,6.80274238794,6.77243622652,6.41754337282,5.86175264225,5.42490848079,4.16420494025,1.91472967615,1.39187011981,1.39323864436,1.38141048456,1.37408500218,1.37168722744,1.37383265376,1.37943160011,1.38986610761,1.40404159031,1.41981778596,1.43556206902,1.45044908476
Albania,Real interest rate (%),6.81060797667,6.95795037035,7.32489579847,7.33881129423,7.12560526251,7.131189684,6.79648424274,6.76057912219,6.73196696637,6.83248736774,6.7889814153,6.83869043846,6.73624614911,6.42563388238,6.1514155892,6.06349658126,5.83388073841,5.40882128678,5.48622752973,5.67883236795,6.15241434374,6.69760336595,6.72835026589,6.70793729571,6.77875010734,6.78742861771,6.90036474887,6.89746062677,6.3675572567,6.54537907327,6.17445193417,1.02265008083,-65.5164298878,-39.6825737614,-10.6561202527,13.3335715987,-12.2577867966,4.30497849215,7.01865515684,19.778400911,17.4273778659,15.7993778155,12.590081722,8.43721026569,9.18787177641,10.1869798296,9.97496367046,10.1600836067,8.82167067193,9.99613123236,7.97430369576,9.89334145227,9.7391030904,9.58674432017,7.13479917694,8.5297033622,7.8415993839,7.42856713503,7.32097936593,7.26015799677,7.23510985855,7.24919238114,7.29831902996,7.36540576991,7.4357699486,7.50212287385,7.56471511654
Albania,"Risk premium on lending (lending rate minus treasury bill rate, %)",6.08656031012,6.1175919384,6.23718377252,6.11823479877,6.10553180372,6.09694237937,6.06735307797,6.0882636225,6.08187568631,6.09866956805,6.01543179741,6.0552034737,6.00149111697,5.99968899677,6.00537591998,6.07707818706,6.09388195174,6.10161457095,6.07322356416,6.0830885009,6.20053891027,6.10312803005,6.06265622702,6.0818423666,6.05805356425,6.09245749339,6.02261063444,6.00454730906,5.96091311815,5.97814027527,5.86898828192,5.66423838997,5.42226298835,5.55965035937,5.73267327467,5.8125,6.15333333333,5.90405556281,6.02688713987,4.07833333333,11.2983565,11.9329093333,5.81712216667,5.46110966667,4.96781993445,7.55325723333,7.45081577852,8.16725135647,6.77790761239,6.38764828956,6.99624662077,6.96907483752,5.72807791997,5.61906845673,5.55354823321,6.30512167963,6.29470232833,6.27389605347,6.25738630331,6.24307577645,6.23276665786,6.22686843784,6.22409273337,6.22375279814,6.22375279814,6.22375279814,6.22375279814
Albania,"Unemployment, total (% of total labor force) (modeled ILO estimate)",8.47876309178,8.54074740893,8.63284903459,9.04844747164,9.25894240913,9.41512440484,9.36323091953,9.26137004861,9.22500206331,9.40038221317,9.51419317582,9.55843302056,9.58804667521,9.58312745317,9.4529062187,9.36292286697,9.34024297175,8.97058179266,8.62526838509,8.18247053188,7.94898262453,7.90481457654,8.0413371097,7.84576768526,7.8043787605,7.69325322437,7.61614756366,7.77998516047,7.9032137071,8.0934095831,8.88100277144,11.8000001907,14.6000003815,17.8999996185,17.6000003815,16.8999996185,15.6000003815,14.5,16.0,16.0,13.5,22.7000007629,13.3999996185,12.6999998093,12.6000003815,12.5,12.3999996185,13.5,13.0,13.8000001907,14.1999998093,14.0,13.8999996185,16.0,16.1000003815,11.474739571,6.82003087924,3.78760577551,2.54209104063,2.34908226029,2.72565395225,3.33934539082,4.05312713897,4.82697204758,5.62138584014,6.39161513364,7.10226010967
Albania,"Interest rate spread (lending rate minus deposit rate, %)",5.77342475238,5.66454785074,5.74576703153,5.78092284241,5.86679331938,5.98657124297,6.13380475298,6.08429741344,6.15758942844,6.2118202256,5.99155820872,5.7695943665,5.72504121999,5.86270396535,5.81919961087,5.75918510717,5.94770610383,5.79224520911,5.56892195431,5.57482819176,5.8800375698,5.87311450149,5.90545241493,6.1410633375,6.27649830532,6.34483068762,6.02111096572,5.82705643957,5.44392007682,5.25186109509,5.06203429603,5.25245425374,2.08333333333,2.25,3.83333333333,4.35,7.175,8.45863137391,9.10223230262,8.66916666667,13.8,11.9291666667,6.76583333333,5.89533593905,5.1548269836,7.98744912769,7.71251764297,8.44052424737,6.21690032494,5.8884989272,6.40478651254,6.57034595652,5.4554380618,5.66239940406,6.74388780144,7.31097655982,6.92460560265,6.69288387409,6.5072027946,6.33211582852,6.15430819119,5.95191758997,5.73160629172,5.51312200159,5.30371518214,5.10339910892,4.91367210598
